Bud Davis			jimmie.davis@uta.edu	BudDavis
Bhuwan Upadhyaya		bxu9187@mavs.uta.edu	Bhuwan-Upadhyaya
Thanh Tran			cxt5391@mavs.uta.edu	LifeLiveOn
David Aviles			dxa7169@mavs.uta.edu	davavi02
Devin Wingfield			dtq8917@mavs.uta.edu	devw61
Oghenerukevwe Onedo		ooo9941@mavs.uta.edu    Rukky-O
Brian Shamayev			bes0157@mavs.uta.edu    brianshamayev
Mikaela Maramba			mdm7008@mavs.uta.edu 	mikaelamrmb
Inioluwa Ayodeji-Ewebiyi	ija1333@mavs.uta.edu    ija1333
Evan Shugart			ems7634@mavs.uta.edu    uta-ems7634 
Sandeep Dahal			sxd8267@mavs.uta.edu    uta-8267
Joshua Mullins			jam1740@mavs.uta.edu	MusicalMario
Joshua Mullins			mullinsj881@gmail.com	marioluigijam
Caden Wright			cxw8273@mavs.uta.edu    cdublu23
Samuel Mach			sxm7324@mavs.uta.edu	uta-sxm7324
Michelle Z Uslu			zxu8201@mavs.uta.edu    zeyneplu
Liam Crowley			lxc8626@mavs.uta.edy 	ForsythsGambit
Lam Ninh			lnn7447@mavs.uta.edu    Galadieon
Romaisa Fasih			rxf1950@mavs.uta.edu	romaisafasih
Omar Alqawasmi			ona6594@mavs.uta.edu	Omar-Alqawasmi
Nixon Thongthipvoravong		nxt8383@mavs.uta.edu	NixonThong
Sumit Karki			sxk2649@mavs.uta.edu	SumitKar7
Long Ha				lhh7840@mavs.uta.edu	LongHa2003																			
Allen Pandey			axp4358@mavs.uta.edu	uta-axp4358
Ravi Shrestha			rxs2606@mavs.uta.edu    Ravi-0618    
Sijarin Dhakal			sxd7619@mavs.uta.edu	Sijarin
Bardan Karki			bxk8213@mavs.uta.edu    bxk8213
Pritam Gurung			pxg1786@mavs.uta.edu	Pritam0704
Sarah Savolainen		sts2903@mavs.uta.edu	sarsmsi
Nandisha Maharjan		nxm3647@mavs.uta.edu	nxm3647
Abhash Mahto			axm2354@mavs.uta.edu	uta-axm2354				
Prishka Saru			pxs2020@mavs.`uta.edu	uta-pxs2020
William Sarratt			wbs8341@mavs.uta.edu	wbs8341
Bipin Adhikari			bxa3266@mavs.uta.edu	bxa3266
Natalie Tran			nxt1620@mavs.uta.edu	nxuani
Serah Jolly			sgj4801@mavs.uta.edu	serahjolly
Suraj Subedi			sxs2609@mavs.uta.edu	Suraj2350
Michelle Phan			mtp7872@mavs.uta.edu	michellePhan
Aisha Kaukasvadia		akk3283@mavs.uta.edu	aishakhurram
Thommy Xaysongkham      	txx8943@mavs.uta.edu    thomstah
Nnanna Ejim             	nhe1799@mavs.uta.edu    nejim2001
Peter Tran              	ppt4523@mavs.uta.edu    Peter-Phi-Tran
Pierre Konan    		Pierre.konan@mav.uta.edu    pierevans
Duyen Dao      			dao0690@mavs.uta.edu        Duyen-Dao
Jay Nemec               	jxn6620@mavs.uta.edu    Jay-Nemec
Toby Psenak             	cnp2104@mavs.uta.edu    relivair
Prakash Sapkota			prakash.sapkota@mavs.uta.edu	pracasap 
Annelise Soonyadeth     axs1230@mavs.uta.edu        uta-1002171230
Joseph Morales                 jmm3951@mavs.uta.edu   uta-1002173951
Tatenda Chireza   Tmc5548@mavs.uta.edu Tatenda-Chireza
Gabriel Wynne			gaw4660@mavs.uta.edu	gabrielawynne
Amy Rodriguez-Paz               axr5164@mavs.uta.edu    uta-axr5164
Bryan Gamboa			bxg1624@mavs.uta.edu	bxg1624
Dominik Castillo     ddc6216@mavs.uta.edu        dominikC0824
Ruby Veyna			rlv0357@mavs.uta.edu     rlv0357
Marcos Deluna       mad5661@mavs.uta.edu     marcosadeluna
Princewill Akhigbe    pxa6533@mavs.uta.edu   princecodeuta
Manish Bhandari       mxb7670@mavs.uta.edu    mxb7670
Ryan Hoang          rhh7696@mavs.uta.edu    ryanhoang03
Muhammad Memon       msm1826@mavs.uta.edu   Muhammad Memon